id,name,email
1,customer01,customer01@example.com
2,customer02,customer02@example.com
3,customer03,customer03@example.com
4,customer04,customer04@example.com
5,customer05,customer05@example.com
6,customer06,customer06@example.com
7,customer07,customer07@example.com
8,customer08,customer08@example.com
9,customer09,customer09@example.com
10,customer10,customer10@example.com
11,customer11,customer11@example.com
12,customer12,customer12@example.com
13,customer13,customer13@example.com
14,customer14,customer14@example.com
15,customer15,customer15@example.com
16,customer16,customer16@example.com
17,customer17,customer17@example.com
18,customer18,customer18@example.com
19,customer19,customer19@example.com
20,customer20,customer20@example.com
21,customer21,customer21@example.com
22,customer22,customer22@example.com
23,customer23,customer23@example.com
24,customer24,customer24@example.com
25,customer25,customer25@example.com
26,customer26,customer26@example.com
27,customer27,customer27@example.com
28,customer28,customer28@example.com
29,customer29,customer29@example.com
30,customer30,customer30@example.com
31,customer31,customer31@example.com
32,customer32,customer32@example.com
33,customer33,customer33@example.com
34,customer34,customer34@example.com
35,customer35,customer35@example.com
36,customer36,customer36@example.com
37,customer37,customer37@example.com
38,customer38,customer38@example.com
39,customer39,customer39@example.com
40,customer40,customer40@example.com